"GHO (CODE)","GHO (DISPLAY)","GHO (URL)","PUBLISHSTATE (CODE)","PUBLISHSTATE (DISPLAY)","PUBLISHSTATE (URL)","YEAR (CODE)","YEAR (DISPLAY)","YEAR (URL)","REGION (CODE)","REGION (DISPLAY)","REGION (URL)","Display Value","Numeric","Low","High","StdErr","StdDev","Comments"
"HIV_0000000001","Estimated number of people (all ages) living with HIV","https://www.who.int/data/gho/indicator-metadata-registry/imr-details/2921","PUBLISHED","Published","","2022","2022","","GLOBAL","Global","","39 000 000 [33 100 000-45 700 000]","39000000.00000","33100000.00000","45700000.00000","","",""
"HIV_0000000001","Estimated number of people (all ages) living with HIV","https://www.who.int/data/gho/indicator-metadata-registry/imr-details/2921","PUBLISHED","Published","","2022","2022","","AFR","Africa","","25 600 000 [21 600 000-30 000 000]","25600000.00000","21600000.00000","30000000.00000","","",""
"HIV_0000000001","Estimated number of people (all ages) living with HIV","https://www.who.int/data/gho/indicator-metadata-registry/imr-details/2921","PUBLISHED","Published","","2022","2022","","AMR","Americas","","3 800 000 [3 400 000-4 300 000]","3800000.00000","3400000.00000","4300000.00000","","",""
"HIV_0000000001","Estimated number of people (all ages) living with HIV","https://www.who.int/data/gho/indicator-metadata-registry/imr-details/2921","PUBLISHED","Published","","2022","2022","","EMR","Eastern Mediterranean","","490 000 [420 000-600 000]","490000.00000","420000.00000","600000.00000","","",""
"HIV_0000000001","Estimated number of people (all ages) living with HIV","https://www.who.int/data/gho/indicator-metadata-registry/imr-details/2921","PUBLISHED","Published","","2022","2022","","EUR","Europe","","3 000 000 [2 600 000-3 300 000]","3000000.00000","2600000.00000","3300000.00000","","",""
"HIV_0000000001","Estimated number of people (all ages) living with HIV","https://www.who.int/data/gho/indicator-metadata-registry/imr-details/2921","PUBLISHED","Published","","2022","2022","","SEAR","South-East Asia","","3 900 000 [3 400 000-4 600 000]","3900000.00000","3400000.00000","4600000.00000","","",""
"HIV_0000000001","Estimated number of people (all ages) living with HIV","https://www.who.int/data/gho/indicator-metadata-registry/imr-details/2921","PUBLISHED","Published","","2022","2022","","WPR","Western Pacific","","2 200 000 [1 700 000-2 800 000]","2200000.00000","1700000.00000","2800000.00000","","",""
"HIV_0000000001","Estimated number of people (all ages) living with HIV","https://www.who.int/data/gho/indicator-metadata-registry/imr-details/2921","PUBLISHED","Published","","2021","2021","","GLOBAL","Global","","38 700 000 [32 800 000-45 200 000]","38700000.00000","32800000.00000","45200000.00000","","",""
"HIV_0000000001","Estimated number of people (all ages) living with HIV","https://www.who.int/data/gho/indicator-metadata-registry/imr-details/2921","PUBLISHED","Published","","2021","2021","","AFR","Africa","","25 500 000 [21 600 000-30 000 000]","25500000.00000","21600000.00000","30000000.00000","","",""
"HIV_0000000001","Estimated number of people (all ages) living with HIV","https://www.who.int/data/gho/indicator-metadata-registry/imr-details/2921","PUBLISHED","Published","","2021","2021","","AMR","Americas","","3 700 000 [3 300 000-4 200 000]","3700000.00000","3300000.00000","4200000.00000","","",""
"HIV_0000000001","Estimated number of people (all ages) living with HIV","https://www.who.int/data/gho/indicator-metadata-registry/imr-details/2921","PUBLISHED","Published","","2021","2021","","EMR","Eastern Mediterranean","","460 000 [390 000-560 000]","460000.00000","390000.00000","560000.00000","","",""
"HIV_0000000001","Estimated number of people (all ages) living with HIV","https://www.who.int/data/gho/indicator-metadata-registry/imr-details/2921","PUBLISHED","Published","","2021","2021","","EUR","Europe","","2 900 000 [2 500 000-3 200 000]","2900000.00000","2500000.00000","3200000.00000","","",""
"HIV_0000000001","Estimated number of people (all ages) living with HIV","https://www.who.int/data/gho/indicator-metadata-registry/imr-details/2921","PUBLISHED","Published","","2021","2021","","SEAR","South-East Asia","","3 900 000 [3 400 000-4 600 000]","3900000.00000","3400000.00000","4600000.00000","","",""
"HIV_0000000001","Estimated number of people (all ages) living with HIV","https://www.who.int/data/gho/indicator-metadata-registry/imr-details/2921","PUBLISHED","Published","","2021","2021","","WPR","Western Pacific","","2 200 000 [1 600 000-2 700 000]","2200000.00000","1600000.00000","2700000.00000","","",""
"HIV_0000000001","Estimated number of people (all ages) living with HIV","https://www.who.int/data/gho/indicator-metadata-registry/imr-details/2921","PUBLISHED","Published","","2020","2020","","GLOBAL","Global","","38 300 000 [32 500 000-44 700 000]","38300000.00000","32500000.00000","44700000.00000","","",""
"HIV_0000000001","Estimated number of people (all ages) living with HIV","https://www.who.int/data/gho/indicator-metadata-registry/imr-details/2921","PUBLISHED","Published","","2020","2020","","AFR","Africa","","25 400 000 [21 500 000-29 900 000]","25400000.00000","21500000.00000","29900000.00000","","",""
"HIV_0000000001","Estimated number of people (all ages) living with HIV","https://www.who.int/data/gho/indicator-metadata-registry/imr-details/2921","PUBLISHED","Published","","2020","2020","","AMR","Americas","","3 600 000 [3 200 000-4 100 000]","3600000.00000","3200000.00000","4100000.00000","","",""
"HIV_0000000001","Estimated number of people (all ages) living with HIV","https://www.who.int/data/gho/indicator-metadata-registry/imr-details/2921","PUBLISHED","Published","","2020","2020","","EMR","Eastern Mediterranean","","430 000 [370 000-530 000]","430000.00000","370000.00000","530000.00000","","",""
"HIV_0000000001","Estimated number of people (all ages) living with HIV","https://www.who.int/data/gho/indicator-metadata-registry/imr-details/2921","PUBLISHED","Published","","2020","2020","","EUR","Europe","","2 800 000 [2 400 000-3 100 000]","2800000.00000","2400000.00000","3100000.00000","","",""
"HIV_0000000001","Estimated number of people (all ages) living with HIV","https://www.who.int/data/gho/indicator-metadata-registry/imr-details/2921","PUBLISHED","Published","","2020","2020","","SEAR","South-East Asia","","3 900 000 [3 400 000-4 600 000]","3900000.00000","3400000.00000","4600000.00000","","",""
"HIV_0000000001","Estimated number of people (all ages) living with HIV","https://www.who.int/data/gho/indicator-metadata-registry/imr-details/2921","PUBLISHED","Published","","2020","2020","","WPR","Western Pacific","","2 100 000 [1 600 000-2 600 000]","2100000.00000","1600000.00000","2600000.00000","","",""
"HIV_0000000001","Estimated number of people (all ages) living with HIV","https://www.who.int/data/gho/indicator-metadata-registry/imr-details/2921","PUBLISHED","Published","","2019","2019","","GLOBAL","Global","","37 700 000 [32 000 000-44 100 000]","37700000.00000","32000000.00000","44100000.00000","","",""
"HIV_0000000001","Estimated number of people (all ages) living with HIV","https://www.who.int/data/gho/indicator-metadata-registry/imr-details/2921","PUBLISHED","Published","","2019","2019","","AFR","Africa","","25 200 000 [21 400 000-29 600 000]","25200000.00000","21400000.00000","29600000.00000","","",""
"HIV_0000000001","Estimated number of people (all ages) living with HIV","https://www.who.int/data/gho/indicator-metadata-registry/imr-details/2921","PUBLISHED","Published","","2019","2019","","AMR","Americas","","3 600 000 [3 100 000-4 000 000]","3600000.00000","3100000.00000","4000000.00000","","",""
"HIV_0000000001","Estimated number of people (all ages) living with HIV","https://www.who.int/data/gho/indicator-metadata-registry/imr-details/2921","PUBLISHED","Published","","2019","2019","","EMR","Eastern Mediterranean","","400 000 [340 000-490 000]","400000.00000","340000.00000","490000.00000","","",""
"HIV_0000000001","Estimated number of people (all ages) living with HIV","https://www.who.int/data/gho/indicator-metadata-registry/imr-details/2921","PUBLISHED","Published","","2019","2019","","EUR","Europe","","2 600 000 [2 300 000-2 900 000]","2600000.00000","2300000.00000","2900000.00000","","",""
"HIV_0000000001","Estimated number of people (all ages) living with HIV","https://www.who.int/data/gho/indicator-metadata-registry/imr-details/2921","PUBLISHED","Published","","2019","2019","","SEAR","South-East Asia","","3 900 000 [3 400 000-4 500 000]","3900000.00000","3400000.00000","4500000.00000","","",""
"HIV_0000000001","Estimated number of people (all ages) living with HIV","https://www.who.int/data/gho/indicator-metadata-registry/imr-details/2921","PUBLISHED","Published","","2019","2019","","WPR","Western Pacific","","2 000 000 [1 500 000-2 500 000]","2000000.00000","1500000.00000","2500000.00000","","",""
"HIV_0000000001","Estimated number of people (all ages) living with HIV","https://www.who.int/data/gho/indicator-metadata-registry/imr-details/2921","PUBLISHED","Published","","2018","2018","","GLOBAL","Global","","37 100 000 [31 500 000-43 400 000]","37100000.00000","31500000.00000","43400000.00000","","",""
"HIV_0000000001","Estimated number of people (all ages) living with HIV","https://www.who.int/data/gho/indicator-metadata-registry/imr-details/2921","PUBLISHED","Published","","2018","2018","","AFR","Africa","","24 900 000 [21 100 000-29 300 000]","24900000.00000","21100000.00000","29300000.00000","","",""
"HIV_0000000001","Estimated number of people (all ages) living with HIV","https://www.who.int/data/gho/indicator-metadata-registry/imr-details/2921","PUBLISHED","Published","","2018","2018","","AMR","Americas","","3 500 000 [3 000 000-3 900 000]","3500000.00000","3000000.00000","3900000.00000","","",""
"HIV_0000000001","Estimated number of people (all ages) living with HIV","https://www.who.int/data/gho/indicator-metadata-registry/imr-details/2921","PUBLISHED","Published","","2018","2018","","EMR","Eastern Mediterranean","","370 000 [320 000-460 000]","370000.00000","320000.00000","460000.00000","","",""
"HIV_0000000001","Estimated number of people (all ages) living with HIV","https://www.who.int/data/gho/indicator-metadata-registry/imr-details/2921","PUBLISHED","Published","","2018","2018","","EUR","Europe","","2 500 000 [2 200 000-2 800 000]","2500000.00000","2200000.00000","2800000.00000","","",""
"HIV_0000000001","Estimated number of people (all ages) living with HIV","https://www.who.int/data/gho/indicator-metadata-registry/imr-details/2921","PUBLISHED","Published","","2018","2018","","SEAR","South-East Asia","","3 900 000 [3 400 000-4 500 000]","3900000.00000","3400000.00000","4500000.00000","","",""
"HIV_0000000001","Estimated number of people (all ages) living with HIV","https://www.who.int/data/gho/indicator-metadata-registry/imr-details/2921","PUBLISHED","Published","","2018","2018","","WPR","Western Pacific","","1 900 000 [1 400 000-2 400 000]","1900000.00000","1400000.00000","2400000.00000","","",""
"HIV_0000000001","Estimated number of people (all ages) living with HIV","https://www.who.int/data/gho/indicator-metadata-registry/imr-details/2921","PUBLISHED","Published","","2017","2017","","GLOBAL","Global","","36 500 000 [31 000 000-42 700 000]","36500000.00000","31000000.00000","42700000.00000","","",""
"HIV_0000000001","Estimated number of people (all ages) living with HIV","https://www.who.int/data/gho/indicator-metadata-registry/imr-details/2921","PUBLISHED","Published","","2017","2017","","AFR","Africa","","24 600 000 [20 900 000-28 900 000]","24600000.00000","20900000.00000","28900000.00000","","",""
"HIV_0000000001","Estimated number of people (all ages) living with HIV","https://www.who.int/data/gho/indicator-metadata-registry/imr-details/2921","PUBLISHED","Published","","2017","2017","","AMR","Americas","","3 400 000 [3 000 000-3 800 000]","3400000.00000","3000000.00000","3800000.00000","","",""
"HIV_0000000001","Estimated number of people (all ages) living with HIV","https://www.who.int/data/gho/indicator-metadata-registry/imr-details/2921","PUBLISHED","Published","","2017","2017","","EMR","Eastern Mediterranean","","350 000 [300 000-430 000]","350000.00000","300000.00000","430000.00000","","",""
"HIV_0000000001","Estimated number of people (all ages) living with HIV","https://www.who.int/data/gho/indicator-metadata-registry/imr-details/2921","PUBLISHED","Published","","2017","2017","","EUR","Europe","","2 400 000 [2 100 000-2 700 000]","2400000.00000","2100000.00000","2700000.00000","","",""
"HIV_0000000001","Estimated number of people (all ages) living with HIV","https://www.who.int/data/gho/indicator-metadata-registry/imr-details/2921","PUBLISHED","Published","","2017","2017","","SEAR","South-East Asia","","3 900 000 [3 400 000-4 500 000]","3900000.00000","3400000.00000","4500000.00000","","",""
"HIV_0000000001","Estimated number of people (all ages) living with HIV","https://www.who.int/data/gho/indicator-metadata-registry/imr-details/2921","PUBLISHED","Published","","2017","2017","","WPR","Western Pacific","","1 800 000 [1 400 000-2 300 000]","1800000.00000","1400000.00000","2300000.00000","","",""
"HIV_0000000001","Estimated number of people (all ages) living with HIV","https://www.who.int/data/gho/indicator-metadata-registry/imr-details/2921","PUBLISHED","Published","","2016","2016","","GLOBAL","Global","","35 800 000 [30 400 000-41 900 000]","35800000.00000","30400000.00000","41900000.00000","","",""
"HIV_0000000001","Estimated number of people (all ages) living with HIV","https://www.who.int/data/gho/indicator-metadata-registry/imr-details/2921","PUBLISHED","Published","","2016","2016","","AFR","Africa","","24 300 000 [20 600 000-28 500 000]","24300000.00000","20600000.00000","28500000.00000","","",""
"HIV_0000000001","Estimated number of people (all ages) living with HIV","https://www.who.int/data/gho/indicator-metadata-registry/imr-details/2921","PUBLISHED","Published","","2016","2016","","AMR","Americas","","3 300 000 [2 900 000-3 700 000]","3300000.00000","2900000.00000","3700000.00000","","",""
"HIV_0000000001","Estimated number of people (all ages) living with HIV","https://www.who.int/data/gho/indicator-metadata-registry/imr-details/2921","PUBLISHED","Published","","2016","2016","","EMR","Eastern Mediterranean","","330 000 [290 000-410 000]","330000.00000","290000.00000","410000.00000","","",""
"HIV_0000000001","Estimated number of people (all ages) living with HIV","https://www.who.int/data/gho/indicator-metadata-registry/imr-details/2921","PUBLISHED","Published","","2016","2016","","EUR","Europe","","2 300 000 [2 000 000-2 500 000]","2300000.00000","2000000.00000","2500000.00000","","",""
"HIV_0000000001","Estimated number of people (all ages) living with HIV","https://www.who.int/data/gho/indicator-metadata-registry/imr-details/2921","PUBLISHED","Published","","2016","2016","","SEAR","South-East Asia","","3 900 000 [3 400 000-4 600 000]","3900000.00000","3400000.00000","4600000.00000","","",""
"HIV_0000000001","Estimated number of people (all ages) living with HIV","https://www.who.int/data/gho/indicator-metadata-registry/imr-details/2921","PUBLISHED","Published","","2016","2016","","WPR","Western Pacific","","1 800 000 [1 300 000-2 200 000]","1800000.00000","1300000.00000","2200000.00000","","",""
"HIV_0000000001","Estimated number of people (all ages) living with HIV","https://www.who.int/data/gho/indicator-metadata-registry/imr-details/2921","PUBLISHED","Published","","2015","2015","","GLOBAL","Global","","35 100 000 [29 800 000-41 100 000]","35100000.00000","29800000.00000","41100000.00000","","",""
"HIV_0000000001","Estimated number of people (all ages) living with HIV","https://www.who.int/data/gho/indicator-metadata-registry/imr-details/2921","PUBLISHED","Published","","2015","2015","","AFR","Africa","","23 800 000 [20 200 000-28 000 000]","23800000.00000","20200000.00000","28000000.00000","","",""
"HIV_0000000001","Estimated number of people (all ages) living with HIV","https://www.who.int/data/gho/indicator-metadata-registry/imr-details/2921","PUBLISHED","Published","","2015","2015","","AMR","Americas","","3 200 000 [2 800 000-3 600 000]","3200000.00000","2800000.00000","3600000.00000","","",""
"HIV_0000000001","Estimated number of people (all ages) living with HIV","https://www.who.int/data/gho/indicator-metadata-registry/imr-details/2921","PUBLISHED","Published","","2015","2015","","EMR","Eastern Mediterranean","","310 000 [270 000-390 000]","310000.00000","270000.00000","390000.00000","","",""
"HIV_0000000001","Estimated number of people (all ages) living with HIV","https://www.who.int/data/gho/indicator-metadata-registry/imr-details/2921","PUBLISHED","Published","","2015","2015","","EUR","Europe","","2 100 000 [1 900 000-2 400 000]","2100000.00000","1900000.00000","2400000.00000","","",""
"HIV_0000000001","Estimated number of people (all ages) living with HIV","https://www.who.int/data/gho/indicator-metadata-registry/imr-details/2921","PUBLISHED","Published","","2015","2015","","SEAR","South-East Asia","","3 900 000 [3 400 000-4 600 000]","3900000.00000","3400000.00000","4600000.00000","","",""
"HIV_0000000001","Estimated number of people (all ages) living with HIV","https://www.who.int/data/gho/indicator-metadata-registry/imr-details/2921","PUBLISHED","Published","","2015","2015","","WPR","Western Pacific","","1 700 000 [1 300 000-2 100 000]","1700000.00000","1300000.00000","2100000.00000","","",""
"HIV_0000000001","Estimated number of people (all ages) living with HIV","https://www.who.int/data/gho/indicator-metadata-registry/imr-details/2921","PUBLISHED","Published","","2014","2014","","GLOBAL","Global","","34 400 000 [29 200 000-40 200 000]","34400000.00000","29200000.00000","40200000.00000","","",""
"HIV_0000000001","Estimated number of people (all ages) living with HIV","https://www.who.int/data/gho/indicator-metadata-registry/imr-details/2921","PUBLISHED","Published","","2014","2014","","AFR","Africa","","23 400 000 [19 800 000-27 500 000]","23400000.00000","19800000.00000","27500000.00000","","",""
"HIV_0000000001","Estimated number of people (all ages) living with HIV","https://www.who.int/data/gho/indicator-metadata-registry/imr-details/2921","PUBLISHED","Published","","2014","2014","","AMR","Americas","","3 100 000 [2 700 000-3 500 000]","3100000.00000","2700000.00000","3500000.00000","","",""
"HIV_0000000001","Estimated number of people (all ages) living with HIV","https://www.who.int/data/gho/indicator-metadata-registry/imr-details/2921","PUBLISHED","Published","","2014","2014","","EMR","Eastern Mediterranean","","300 000 [260 000-370 000]","300000.00000","260000.00000","370000.00000","","",""
"HIV_0000000001","Estimated number of people (all ages) living with HIV","https://www.who.int/data/gho/indicator-metadata-registry/imr-details/2921","PUBLISHED","Published","","2014","2014","","EUR","Europe","","2 000 000 [1 800 000-2 200 000]","2000000.00000","1800000.00000","2200000.00000","","",""
"HIV_0000000001","Estimated number of people (all ages) living with HIV","https://www.who.int/data/gho/indicator-metadata-registry/imr-details/2921","PUBLISHED","Published","","2014","2014","","SEAR","South-East Asia","","4 000 000 [3 400 000-4 600 000]","4000000.00000","3400000.00000","4600000.00000","","",""
"HIV_0000000001","Estimated number of people (all ages) living with HIV","https://www.who.int/data/gho/indicator-metadata-registry/imr-details/2921","PUBLISHED","Published","","2014","2014","","WPR","Western Pacific","","1 600 000 [1 200 000-2 000 000]","1600000.00000","1200000.00000","2000000.00000","","",""
"HIV_0000000001","Estimated number of people (all ages) living with HIV","https://www.who.int/data/gho/indicator-metadata-registry/imr-details/2921","PUBLISHED","Published","","2013","2013","","GLOBAL","Global","","33 700 000 [28 600 000-39 400 000]","33700000.00000","28600000.00000","39400000.00000","","",""
"HIV_0000000001","Estimated number of people (all ages) living with HIV","https://www.who.int/data/gho/indicator-metadata-registry/imr-details/2921","PUBLISHED","Published","","2013","2013","","AFR","Africa","","22 900 000 [19 400 000-26 900 000]","22900000.00000","19400000.00000","26900000.00000","","",""
"HIV_0000000001","Estimated number of people (all ages) living with HIV","https://www.who.int/data/gho/indicator-metadata-registry/imr-details/2921","PUBLISHED","Published","","2013","2013","","AMR","Americas","","3 000 000 [2 600 000-3 400 000]","3000000.00000","2600000.00000","3400000.00000","","",""
"HIV_0000000001","Estimated number of people (all ages) living with HIV","https://www.who.int/data/gho/indicator-metadata-registry/imr-details/2921","PUBLISHED","Published","","2013","2013","","EMR","Eastern Mediterranean","","280 000 [240 000-350 000]","280000.00000","240000.00000","350000.00000","","",""
"HIV_0000000001","Estimated number of people (all ages) living with HIV","https://www.who.int/data/gho/indicator-metadata-registry/imr-details/2921","PUBLISHED","Published","","2013","2013","","EUR","Europe","","1 900 000 [1 700 000-2 100 000]","1900000.00000","1700000.00000","2100000.00000","","",""
"HIV_0000000001","Estimated number of people (all ages) living with HIV","https://www.who.int/data/gho/indicator-metadata-registry/imr-details/2921","PUBLISHED","Published","","2013","2013","","SEAR","South-East Asia","","4 000 000 [3 500 000-4 600 000]","4000000.00000","3500000.00000","4600000.00000","","",""
"HIV_0000000001","Estimated number of people (all ages) living with HIV","https://www.who.int/data/gho/indicator-metadata-registry/imr-details/2921","PUBLISHED","Published","","2013","2013","","WPR","Western Pacific","","1 500 000 [1 200 000-1 900 000]","1500000.00000","1200000.00000","1900000.00000","","",""
"HIV_0000000001","Estimated number of people (all ages) living with HIV","https://www.who.int/data/gho/indicator-metadata-registry/imr-details/2921","PUBLISHED","Published","","2012","2012","","GLOBAL","Global","","32 900 000 [27 900 000-38 500 000]","32900000.00000","27900000.00000","38500000.00000","","",""
"HIV_0000000001","Estimated number of people (all ages) living with HIV","https://www.who.int/data/gho/indicator-metadata-registry/imr-details/2921","PUBLISHED","Published","","2012","2012","","AFR","Africa","","22 400 000 [19 000 000-26 400 000]","22400000.00000","19000000.00000","26400000.00000","","",""
"HIV_0000000001","Estimated number of people (all ages) living with HIV","https://www.who.int/data/gho/indicator-metadata-registry/imr-details/2921","PUBLISHED","Published","","2012","2012","","AMR","Americas","","2 900 000 [2 600 000-3 300 000]","2900000.00000","2600000.00000","3300000.00000","","",""
"HIV_0000000001","Estimated number of people (all ages) living with HIV","https://www.who.int/data/gho/indicator-metadata-registry/imr-details/2921","PUBLISHED","Published","","2012","2012","","EMR","Eastern Mediterranean","","270 000 [230 000-330 000]","270000.00000","230000.00000","330000.00000","","",""
"HIV_0000000001","Estimated number of people (all ages) living with HIV","https://www.who.int/data/gho/indicator-metadata-registry/imr-details/2921","PUBLISHED","Published","","2012","2012","","EUR","Europe","","1 800 000 [1 600 000-2 000 000]","1800000.00000","1600000.00000","2000000.00000","","",""
"HIV_0000000001","Estimated number of people (all ages) living with HIV","https://www.who.int/data/gho/indicator-metadata-registry/imr-details/2921","PUBLISHED","Published","","2012","2012","","SEAR","South-East Asia","","4 000 000 [3 500 000-4 700 000]","4000000.00000","3500000.00000","4700000.00000","","",""
"HIV_0000000001","Estimated number of people (all ages) living with HIV","https://www.who.int/data/gho/indicator-metadata-registry/imr-details/2921","PUBLISHED","Published","","2012","2012","","WPR","Western Pacific","","1 500 000 [1 100 000-1 900 000]","1500000.00000","1100000.00000","1900000.00000","","",""
"HIV_0000000001","Estimated number of people (all ages) living with HIV","https://www.who.int/data/gho/indicator-metadata-registry/imr-details/2921","PUBLISHED","Published","","2011","2011","","GLOBAL","Global","","32 200 000 [27 300 000-37 700 000]","32200000.00000","27300000.00000","37700000.00000","","",""
"HIV_0000000001","Estimated number of people (all ages) living with HIV","https://www.who.int/data/gho/indicator-metadata-registry/imr-details/2921","PUBLISHED","Published","","2011","2011","","AFR","Africa","","22 000 000 [18 600 000-25 800 000]","22000000.00000","18600000.00000","25800000.00000","","",""
"HIV_0000000001","Estimated number of people (all ages) living with HIV","https://www.who.int/data/gho/indicator-metadata-registry/imr-details/2921","PUBLISHED","Published","","2011","2011","","AMR","Americas","","2 800 000 [2 500 000-3 200 000]","2800000.00000","2500000.00000","3200000.00000","","",""
"HIV_0000000001","Estimated number of people (all ages) living with HIV","https://www.who.int/data/gho/indicator-metadata-registry/imr-details/2921","PUBLISHED","Published","","2011","2011","","EMR","Eastern Mediterranean","","250 000 [220 000-310 000]","250000.00000","220000.00000","310000.00000","","",""
"HIV_0000000001","Estimated number of people (all ages) living with HIV","https://www.who.int/data/gho/indicator-metadata-registry/imr-details/2921","PUBLISHED","Published","","2011","2011","","EUR","Europe","","1 700 000 [1 500 000-1 900 000]","1700000.00000","1500000.00000","1900000.00000","","",""
"HIV_0000000001","Estimated number of people (all ages) living with HIV","https://www.who.int/data/gho/indicator-metadata-registry/imr-details/2921","PUBLISHED","Published","","2011","2011","","SEAR","South-East Asia","","4 100 000 [3 500 000-4 700 000]","4100000.00000","3500000.00000","4700000.00000","","",""
"HIV_0000000001","Estimated number of people (all ages) living with HIV","https://www.who.int/data/gho/indicator-metadata-registry/imr-details/2921","PUBLISHED","Published","","2011","2011","","WPR","Western Pacific","","1 400 000 [1 100 000-1 800 000]","1400000.00000","1100000.00000","1800000.00000","","",""
"HIV_0000000001","Estimated number of people (all ages) living with HIV","https://www.who.int/data/gho/indicator-metadata-registry/imr-details/2921","PUBLISHED","Published","","2010","2010","","GLOBAL","Global","","31 500 000 [26 700 000-36 800 000]","31500000.00000","26700000.00000","36800000.00000","","",""
"HIV_0000000001","Estimated number of people (all ages) living with HIV","https://www.who.int/data/gho/indicator-metadata-registry/imr-details/2921","PUBLISHED","Published","","2010","2010","","AFR","Africa","","21 500 000 [18 200 000-25 200 000]","21500000.00000","18200000.00000","25200000.00000","","",""
"HIV_0000000001","Estimated number of people (all ages) living with HIV","https://www.who.int/data/gho/indicator-metadata-registry/imr-details/2921","PUBLISHED","Published","","2010","2010","","AMR","Americas","","2 700 000 [2 400 000-3 100 000]","2700000.00000","2400000.00000","3100000.00000","","",""
"HIV_0000000001","Estimated number of people (all ages) living with HIV","https://www.who.int/data/gho/indicator-metadata-registry/imr-details/2921","PUBLISHED","Published","","2010","2010","","EMR","Eastern Mediterranean","","240 000 [210 000-300 000]","240000.00000","210000.00000","300000.00000","","",""
"HIV_0000000001","Estimated number of people (all ages) living with HIV","https://www.who.int/data/gho/indicator-metadata-registry/imr-details/2921","PUBLISHED","Published","","2010","2010","","EUR","Europe","","1 600 000 [1 400 000-1 800 000]","1600000.00000","1400000.00000","1800000.00000","","",""
"HIV_0000000001","Estimated number of people (all ages) living with HIV","https://www.who.int/data/gho/indicator-metadata-registry/imr-details/2921","PUBLISHED","Published","","2010","2010","","SEAR","South-East Asia","","4 100 000 [3 500 000-4 700 000]","4100000.00000","3500000.00000","4700000.00000","","",""
"HIV_0000000001","Estimated number of people (all ages) living with HIV","https://www.who.int/data/gho/indicator-metadata-registry/imr-details/2921","PUBLISHED","Published","","2010","2010","","WPR","Western Pacific","","1 400 000 [1 000 000-1 700 000]","1400000.00000","1000000.00000","1700000.00000","","",""
"HIV_0000000001","Estimated number of people (all ages) living with HIV","https://www.who.int/data/gho/indicator-metadata-registry/imr-details/2921","PUBLISHED","Published","","2009","2009","","GLOBAL","Global","","30 800 000 [26 100 000-36 000 000]","30800000.00000","26100000.00000","36000000.00000","","",""
"HIV_0000000001","Estimated number of people (all ages) living with HIV","https://www.who.int/data/gho/indicator-metadata-registry/imr-details/2921","PUBLISHED","Published","","2009","2009","","AFR","Africa","","21 000 000 [17 800 000-24 700 000]","21000000.00000","17800000.00000","24700000.00000","","",""
"HIV_0000000001","Estimated number of people (all ages) living with HIV","https://www.who.int/data/gho/indicator-metadata-registry/imr-details/2921","PUBLISHED","Published","","2009","2009","","AMR","Americas","","2 600 000 [2 300 000-3 000 000]","2600000.00000","2300000.00000","3000000.00000","","",""
"HIV_0000000001","Estimated number of people (all ages) living with HIV","https://www.who.int/data/gho/indicator-metadata-registry/imr-details/2921","PUBLISHED","Published","","2009","2009","","EMR","Eastern Mediterranean","","230 000 [190 000-280 000]","230000.00000","190000.00000","280000.00000","","",""
"HIV_0000000001","Estimated number of people (all ages) living with HIV","https://www.who.int/data/gho/indicator-metadata-registry/imr-details/2921","PUBLISHED","Published","","2009","2009","","EUR","Europe","","1 500 000 [1 300 000-1 700 000]","1500000.00000","1300000.00000","1700000.00000","","",""
"HIV_0000000001","Estimated number of people (all ages) living with HIV","https://www.who.int/data/gho/indicator-metadata-registry/imr-details/2921","PUBLISHED","Published","","2009","2009","","SEAR","South-East Asia","","4 100 000 [3 600 000-4 800 000]","4100000.00000","3600000.00000","4800000.00000","","",""
"HIV_0000000001","Estimated number of people (all ages) living with HIV","https://www.who.int/data/gho/indicator-metadata-registry/imr-details/2921","PUBLISHED","Published","","2009","2009","","WPR","Western Pacific","","1 300 000 [990 000-1 600 000]","1300000.00000","990000.00000","1600000.00000","","",""
"HIV_0000000001","Estimated number of people (all ages) living with HIV","https://www.who.int/data/gho/indicator-metadata-registry/imr-details/2921","PUBLISHED","Published","","2008","2008","","GLOBAL","Global","","30 200 000 [25 600 000-35 300 000]","30200000.00000","25600000.00000","35300000.00000","","",""
"HIV_0000000001","Estimated number of people (all ages) living with HIV","https://www.who.int/data/gho/indicator-metadata-registry/imr-details/2921","PUBLISHED","Published","","2008","2008","","AFR","Africa","","20 600 000 [17 400 000-24 200 000]","20600000.00000","17400000.00000","24200000.00000","","",""
"HIV_0000000001","Estimated number of people (all ages) living with HIV","https://www.who.int/data/gho/indicator-metadata-registry/imr-details/2921","PUBLISHED","Published","","2008","2008","","AMR","Americas","","2 600 000 [2 300 000-2 900 000]","2600000.00000","2300000.00000","2900000.00000","","",""
"HIV_0000000001","Estimated number of people (all ages) living with HIV","https://www.who.int/data/gho/indicator-metadata-registry/imr-details/2921","PUBLISHED","Published","","2008","2008","","EMR","Eastern Mediterranean","","210 000 [180 000-260 000]","210000.00000","180000.00000","260000.00000","","",""
"HIV_0000000001","Estimated number of people (all ages) living with HIV","https://www.who.int/data/gho/indicator-metadata-registry/imr-details/2921","PUBLISHED","Published","","2008","2008","","EUR","Europe","","1 400 000 [1 200 000-1 600 000]","1400000.00000","1200000.00000","1600000.00000","","",""
"HIV_0000000001","Estimated number of people (all ages) living with HIV","https://www.who.int/data/gho/indicator-metadata-registry/imr-details/2921","PUBLISHED","Published","","2008","2008","","SEAR","South-East Asia","","4 200 000 [3 600 000-4 900 000]","4200000.00000","3600000.00000","4900000.00000","","",""
"HIV_0000000001","Estimated number of people (all ages) living with HIV","https://www.who.int/data/gho/indicator-metadata-registry/imr-details/2921","PUBLISHED","Published","","2008","2008","","WPR","Western Pacific","","1 300 000 [950 000-1 600 000]","1300000.00000","950000.00000","1600000.00000","","",""
"HIV_0000000001","Estimated number of people (all ages) living with HIV","https://www.who.int/data/gho/indicator-metadata-registry/imr-details/2921","PUBLISHED","Published","","2007","2007","","GLOBAL","Global","","29 700 000 [25 200 000-34 700 000]","29700000.00000","25200000.00000","34700000.00000","","",""
"HIV_0000000001","Estimated number of people (all ages) living with HIV","https://www.who.int/data/gho/indicator-metadata-registry/imr-details/2921","PUBLISHED","Published","","2007","2007","","AFR","Africa","","20 200 000 [17 100 000-23 800 000]","20200000.00000","17100000.00000","23800000.00000","","",""
"HIV_0000000001","Estimated number of people (all ages) living with HIV","https://www.who.int/data/gho/indicator-metadata-registry/imr-details/2921","PUBLISHED","Published","","2007","2007","","AMR","Americas","","2 500 000 [2 200 000-2 800 000]","2500000.00000","2200000.00000","2800000.00000","","",""
"HIV_0000000001","Estimated number of people (all ages) living with HIV","https://www.who.int/data/gho/indicator-metadata-registry/imr-details/2921","PUBLISHED","Published","","2007","2007","","EMR","Eastern Mediterranean","","190 000 [170 000-240 000]","190000.00000","170000.00000","240000.00000","","",""
"HIV_0000000001","Estimated number of people (all ages) living with HIV","https://www.who.int/data/gho/indicator-metadata-registry/imr-details/2921","PUBLISHED","Published","","2007","2007","","EUR","Europe","","1 300 000 [1 200 000-1 500 000]","1300000.00000","1200000.00000","1500000.00000","","",""
"HIV_0000000001","Estimated number of people (all ages) living with HIV","https://www.who.int/data/gho/indicator-metadata-registry/imr-details/2921","PUBLISHED","Published","","2007","2007","","SEAR","South-East Asia","","4 300 000 [3 700 000-4 900 000]","4300000.00000","3700000.00000","4900000.00000","","",""
"HIV_0000000001","Estimated number of people (all ages) living with HIV","https://www.who.int/data/gho/indicator-metadata-registry/imr-details/2921","PUBLISHED","Published","","2007","2007","","WPR","Western Pacific","","1 200 000 [920 000-1 500 000]","1200000.00000","920000.00000","1500000.00000","","",""
"HIV_0000000001","Estimated number of people (all ages) living with HIV","https://www.who.int/data/gho/indicator-metadata-registry/imr-details/2921","PUBLISHED","Published","","2006","2006","","GLOBAL","Global","","29 200 000 [24 800 000-34 200 000]","29200000.00000","24800000.00000","34200000.00000","","",""
"HIV_0000000001","Estimated number of people (all ages) living with HIV","https://www.who.int/data/gho/indicator-metadata-registry/imr-details/2921","PUBLISHED","Published","","2006","2006","","AFR","Africa","","19 900 000 [16 900 000-23 400 000]","19900000.00000","16900000.00000","23400000.00000","","",""
"HIV_0000000001","Estimated number of people (all ages) living with HIV","https://www.who.int/data/gho/indicator-metadata-registry/imr-details/2921","PUBLISHED","Published","","2006","2006","","AMR","Americas","","2 400 000 [2 100 000-2 700 000]","2400000.00000","2100000.00000","2700000.00000","","",""
"HIV_0000000001","Estimated number of people (all ages) living with HIV","https://www.who.int/data/gho/indicator-metadata-registry/imr-details/2921","PUBLISHED","Published","","2006","2006","","EMR","Eastern Mediterranean","","180 000 [150 000-220 000]","180000.00000","150000.00000","220000.00000","","",""
"HIV_0000000001","Estimated number of people (all ages) living with HIV","https://www.who.int/data/gho/indicator-metadata-registry/imr-details/2921","PUBLISHED","Published","","2006","2006","","EUR","Europe","","1 200 000 [1 100 000-1 400 000]","1200000.00000","1100000.00000","1400000.00000","","",""
"HIV_0000000001","Estimated number of people (all ages) living with HIV","https://www.who.int/data/gho/indicator-metadata-registry/imr-details/2921","PUBLISHED","Published","","2006","2006","","SEAR","South-East Asia","","4 300 000 [3 800 000-5 000 000]","4300000.00000","3800000.00000","5000000.00000","","",""
"HIV_0000000001","Estimated number of people (all ages) living with HIV","https://www.who.int/data/gho/indicator-metadata-registry/imr-details/2921","PUBLISHED","Published","","2006","2006","","WPR","Western Pacific","","1 200 000 [880 000-1 500 000]","1200000.00000","880000.00000","1500000.00000","","",""
"HIV_0000000001","Estimated number of people (all ages) living with HIV","https://www.who.int/data/gho/indicator-metadata-registry/imr-details/2921","PUBLISHED","Published","","2005","2005","","GLOBAL","Global","","28 900 000 [24 500 000-33 800 000]","28900000.00000","24500000.00000","33800000.00000","","",""
"HIV_0000000001","Estimated number of people (all ages) living with HIV","https://www.who.int/data/gho/indicator-metadata-registry/imr-details/2921","PUBLISHED","Published","","2005","2005","","AFR","Africa","","19 700 000 [16 700 000-23 200 000]","19700000.00000","16700000.00000","23200000.00000","","",""
"HIV_0000000001","Estimated number of people (all ages) living with HIV","https://www.who.int/data/gho/indicator-metadata-registry/imr-details/2921","PUBLISHED","Published","","2005","2005","","AMR","Americas","","2 300 000 [2 000 000-2 600 000]","2300000.00000","2000000.00000","2600000.00000","","",""
"HIV_0000000001","Estimated number of people (all ages) living with HIV","https://www.who.int/data/gho/indicator-metadata-registry/imr-details/2921","PUBLISHED","Published","","2005","2005","","EMR","Eastern Mediterranean","","160 000 [140 000-200 000]","160000.00000","140000.00000","200000.00000","","",""
"HIV_0000000001","Estimated number of people (all ages) living with HIV","https://www.who.int/data/gho/indicator-metadata-registry/imr-details/2921","PUBLISHED","Published","","2005","2005","","EUR","Europe","","1 200 000 [1 000 000-1 300 000]","1200000.00000","1000000.00000","1300000.00000","","",""
"HIV_0000000001","Estimated number of people (all ages) living with HIV","https://www.who.int/data/gho/indicator-metadata-registry/imr-details/2921","PUBLISHED","Published","","2005","2005","","SEAR","South-East Asia","","4 400 000 [3 800 000-5 100 000]","4400000.00000","3800000.00000","5100000.00000","","",""
"HIV_0000000001","Estimated number of people (all ages) living with HIV","https://www.who.int/data/gho/indicator-metadata-registry/imr-details/2921","PUBLISHED","Published","","2005","2005","","WPR","Western Pacific","","1 100 000 [840 000-1 400 000]","1100000.00000","840000.00000","1400000.00000","","",""
"HIV_0000000001","Estimated number of people (all ages) living with HIV","https://www.who.int/data/gho/indicator-metadata-registry/imr-details/2921","PUBLISHED","Published","","2004","2004","","GLOBAL","Global","","28 600 000 [24 300 000-33 400 000]","28600000.00000","24300000.00000","33400000.00000","","",""
"HIV_0000000001","Estimated number of people (all ages) living with HIV","https://www.who.int/data/gho/indicator-metadata-registry/imr-details/2921","PUBLISHED","Published","","2004","2004","","AFR","Africa","","19 500 000 [16 500 000-22 900 000]","19500000.00000","16500000.00000","22900000.00000","","",""
"HIV_0000000001","Estimated number of people (all ages) living with HIV","https://www.who.int/data/gho/indicator-metadata-registry/imr-details/2921","PUBLISHED","Published","","2004","2004","","AMR","Americas","","2 200 000 [2 000 000-2 500 000]","2200000.00000","2000000.00000","2500000.00000","","",""
"HIV_0000000001","Estimated number of people (all ages) living with HIV","https://www.who.int/data/gho/indicator-metadata-registry/imr-details/2921","PUBLISHED","Published","","2004","2004","","EMR","Eastern Mediterranean","","140 000 [120 000-180 000]","140000.00000","120000.00000","180000.00000","","",""
"HIV_0000000001","Estimated number of people (all ages) living with HIV","https://www.who.int/data/gho/indicator-metadata-registry/imr-details/2921","PUBLISHED","Published","","2004","2004","","EUR","Europe","","1 100 000 [960 000-1 200 000]","1100000.00000","960000.00000","1200000.00000","","",""
"HIV_0000000001","Estimated number of people (all ages) living with HIV","https://www.who.int/data/gho/indicator-metadata-registry/imr-details/2921","PUBLISHED","Published","","2004","2004","","SEAR","South-East Asia","","4 500 000 [3 900 000-5 300 000]","4500000.00000","3900000.00000","5300000.00000","","",""
"HIV_0000000001","Estimated number of people (all ages) living with HIV","https://www.who.int/data/gho/indicator-metadata-registry/imr-details/2921","PUBLISHED","Published","","2004","2004","","WPR","Western Pacific","","1 100 000 [800 000-1 300 000]","1100000.00000","800000.00000","1300000.00000","","",""
"HIV_0000000001","Estimated number of people (all ages) living with HIV","https://www.who.int/data/gho/indicator-metadata-registry/imr-details/2921","PUBLISHED","Published","","2003","2003","","GLOBAL","Global","","28 300 000 [24 000 000-33 100 000]","28300000.00000","24000000.00000","33100000.00000","","",""
"HIV_0000000001","Estimated number of people (all ages) living with HIV","https://www.who.int/data/gho/indicator-metadata-registry/imr-details/2921","PUBLISHED","Published","","2003","2003","","AFR","Africa","","19 300 000 [16 400 000-22 700 000]","19300000.00000","16400000.00000","22700000.00000","","",""
"HIV_0000000001","Estimated number of people (all ages) living with HIV","https://www.who.int/data/gho/indicator-metadata-registry/imr-details/2921","PUBLISHED","Published","","2003","2003","","AMR","Americas","","2 200 000 [1 900 000-2 400 000]","2200000.00000","1900000.00000","2400000.00000","","",""
"HIV_0000000001","Estimated number of people (all ages) living with HIV","https://www.who.int/data/gho/indicator-metadata-registry/imr-details/2921","PUBLISHED","Published","","2003","2003","","EMR","Eastern Mediterranean","","130 000 [110 000-160 000]","130000.00000","110000.00000","160000.00000","","",""
"HIV_0000000001","Estimated number of people (all ages) living with HIV","https://www.who.int/data/gho/indicator-metadata-registry/imr-details/2921","PUBLISHED","Published","","2003","2003","","EUR","Europe","","1 000 000 [900 000-1 100 000]","1000000.00000","900000.00000","1100000.00000","","",""
"HIV_0000000001","Estimated number of people (all ages) living with HIV","https://www.who.int/data/gho/indicator-metadata-registry/imr-details/2921","PUBLISHED","Published","","2003","2003","","SEAR","South-East Asia","","4 600 000 [4 000 000-5 400 000]","4600000.00000","4000000.00000","5400000.00000","","",""
"HIV_0000000001","Estimated number of people (all ages) living with HIV","https://www.who.int/data/gho/indicator-metadata-registry/imr-details/2921","PUBLISHED","Published","","2003","2003","","WPR","Western Pacific","","1 000 000 [760 000-1 300 000]","1000000.00000","760000.00000","1300000.00000","","",""
"HIV_0000000001","Estimated number of people (all ages) living with HIV","https://www.who.int/data/gho/indicator-metadata-registry/imr-details/2921","PUBLISHED","Published","","2002","2002","","GLOBAL","Global","","27 900 000 [23 600 000-32 600 000]","27900000.00000","23600000.00000","32600000.00000","","",""
"HIV_0000000001","Estimated number of people (all ages) living with HIV","https://www.who.int/data/gho/indicator-metadata-registry/imr-details/2921","PUBLISHED","Published","","2002","2002","","AFR","Africa","","19 000 000 [16 100 000-22 400 000]","19000000.00000","16100000.00000","22400000.00000","","",""
"HIV_0000000001","Estimated number of people (all ages) living with HIV","https://www.who.int/data/gho/indicator-metadata-registry/imr-details/2921","PUBLISHED","Published","","2002","2002","","AMR","Americas","","2 100 000 [1 800 000-2 300 000]","2100000.00000","1800000.00000","2300000.00000","","",""
"HIV_0000000001","Estimated number of people (all ages) living with HIV","https://www.who.int/data/gho/indicator-metadata-registry/imr-details/2921","PUBLISHED","Published","","2002","2002","","EMR","Eastern Mediterranean","","120 000 [100 000-140 000]","120000.00000","100000.00000","140000.00000","","",""
"HIV_0000000001","Estimated number of people (all ages) living with HIV","https://www.who.int/data/gho/indicator-metadata-registry/imr-details/2921","PUBLISHED","Published","","2002","2002","","EUR","Europe","","970 000 [850 000-1 100 000]","970000.00000","850000.00000","1100000.00000","","",""
"HIV_0000000001","Estimated number of people (all ages) living with HIV","https://www.who.int/data/gho/indicator-metadata-registry/imr-details/2921","PUBLISHED","Published","","2002","2002","","SEAR","South-East Asia","","4 700 000 [4 100 000-5 500 000]","4700000.00000","4100000.00000","5500000.00000","","",""
"HIV_0000000001","Estimated number of people (all ages) living with HIV","https://www.who.int/data/gho/indicator-metadata-registry/imr-details/2921","PUBLISHED","Published","","2002","2002","","WPR","Western Pacific","","960 000 [720 000-1 200 000]","960000.00000","720000.00000","1200000.00000","","",""
"HIV_0000000001","Estimated number of people (all ages) living with HIV","https://www.who.int/data/gho/indicator-metadata-registry/imr-details/2921","PUBLISHED","Published","","2001","2001","","GLOBAL","Global","","27 300 000 [23 200 000-32 000 000]","27300000.00000","23200000.00000","32000000.00000","","",""
"HIV_0000000001","Estimated number of people (all ages) living with HIV","https://www.who.int/data/gho/indicator-metadata-registry/imr-details/2921","PUBLISHED","Published","","2001","2001","","AFR","Africa","","18 700 000 [15 800 000-22 000 000]","18700000.00000","15800000.00000","22000000.00000","","",""
"HIV_0000000001","Estimated number of people (all ages) living with HIV","https://www.who.int/data/gho/indicator-metadata-registry/imr-details/2921","PUBLISHED","Published","","2001","2001","","AMR","Americas","","2 000 000 [1 700 000-2 200 000]","2000000.00000","1700000.00000","2200000.00000","","",""
"HIV_0000000001","Estimated number of people (all ages) living with HIV","https://www.who.int/data/gho/indicator-metadata-registry/imr-details/2921","PUBLISHED","Published","","2001","2001","","EMR","Eastern Mediterranean","","110 000 [93 000-130 000]","110000.00000","93000.00000","130000.00000","","",""
"HIV_0000000001","Estimated number of people (all ages) living with HIV","https://www.who.int/data/gho/indicator-metadata-registry/imr-details/2921","PUBLISHED","Published","","2001","2001","","EUR","Europe","","910 000 [800 000-1 000 000]","910000.00000","800000.00000","1000000.00000","","",""
"HIV_0000000001","Estimated number of people (all ages) living with HIV","https://www.who.int/data/gho/indicator-metadata-registry/imr-details/2921","PUBLISHED","Published","","2001","2001","","SEAR","South-East Asia","","4 700 000 [4 100 000-5 500 000]","4700000.00000","4100000.00000","5500000.00000","","",""
"HIV_0000000001","Estimated number of people (all ages) living with HIV","https://www.who.int/data/gho/indicator-metadata-registry/imr-details/2921","PUBLISHED","Published","","2001","2001","","WPR","Western Pacific","","890 000 [670 000-1 100 000]","890000.00000","670000.00000","1100000.00000","","",""
"HIV_0000000001","Estimated number of people (all ages) living with HIV","https://www.who.int/data/gho/indicator-metadata-registry/imr-details/2921","PUBLISHED","Published","","2000","2000","","GLOBAL","Global","","26 600 000 [22 600 000-31 200 000]","26600000.00000","22600000.00000","31200000.00000","","",""
"HIV_0000000001","Estimated number of people (all ages) living with HIV","https://www.who.int/data/gho/indicator-metadata-registry/imr-details/2921","PUBLISHED","Published","","2000","2000","","AFR","Africa","","18 200 000 [15 400 000-21 400 000]","18200000.00000","15400000.00000","21400000.00000","","",""
"HIV_0000000001","Estimated number of people (all ages) living with HIV","https://www.who.int/data/gho/indicator-metadata-registry/imr-details/2921","PUBLISHED","Published","","2000","2000","","AMR","Americas","","1 900 000 [1 700 000-2 100 000]","1900000.00000","1700000.00000","2100000.00000","","",""
"HIV_0000000001","Estimated number of people (all ages) living with HIV","https://www.who.int/data/gho/indicator-metadata-registry/imr-details/2921","PUBLISHED","Published","","2000","2000","","EMR","Eastern Mediterranean","","98 000 [84 000-120 000]","98000.00000","84000.00000","120000.00000","","",""
"HIV_0000000001","Estimated number of people (all ages) living with HIV","https://www.who.int/data/gho/indicator-metadata-registry/imr-details/2921","PUBLISHED","Published","","2000","2000","","EUR","Europe","","840 000 [740 000-940 000]","840000.00000","740000.00000","940000.00000","","",""
"HIV_0000000001","Estimated number of people (all ages) living with HIV","https://www.who.int/data/gho/indicator-metadata-registry/imr-details/2921","PUBLISHED","Published","","2000","2000","","SEAR","South-East Asia","","4 700 000 [4 100 000-5 500 000]","4700000.00000","4100000.00000","5500000.00000","","",""
"HIV_0000000001","Estimated number of people (all ages) living with HIV","https://www.who.int/data/gho/indicator-metadata-registry/imr-details/2921","PUBLISHED","Published","","2000","2000","","WPR","Western Pacific","","820 000 [620 000-1 000 000]","820000.00000","620000.00000","1000000.00000","","",""
"HIV_0000000001","Estimated number of people (all ages) living with HIV","https://www.who.int/data/gho/indicator-metadata-registry/imr-details/2921","PUBLISHED","Published","","1999","1999","","GLOBAL","Global","","25 700 000 [21 800 000-30 100 000]","25700000.00000","21800000.00000","30100000.00000","","",""
"HIV_0000000001","Estimated number of people (all ages) living with HIV","https://www.who.int/data/gho/indicator-metadata-registry/imr-details/2921","PUBLISHED","Published","","1999","1999","","AFR","Africa","","17 600 000 [14 900 000-20 700 000]","17600000.00000","14900000.00000","20700000.00000","","",""
"HIV_0000000001","Estimated number of people (all ages) living with HIV","https://www.who.int/data/gho/indicator-metadata-registry/imr-details/2921","PUBLISHED","Published","","1999","1999","","AMR","Americas","","1 800 000 [1 600 000-2 000 000]","1800000.00000","1600000.00000","2000000.00000","","",""
"HIV_0000000001","Estimated number of people (all ages) living with HIV","https://www.who.int/data/gho/indicator-metadata-registry/imr-details/2921","PUBLISHED","Published","","1999","1999","","EMR","Eastern Mediterranean","","89 000 [76 000-110 000]","89000.00000","76000.00000","110000.00000","","",""
"HIV_0000000001","Estimated number of people (all ages) living with HIV","https://www.who.int/data/gho/indicator-metadata-registry/imr-details/2921","PUBLISHED","Published","","1999","1999","","EUR","Europe","","780 000 [690 000-870 000]","780000.00000","690000.00000","870000.00000","","",""
"HIV_0000000001","Estimated number of people (all ages) living with HIV","https://www.who.int/data/gho/indicator-metadata-registry/imr-details/2921","PUBLISHED","Published","","1999","1999","","SEAR","South-East Asia","","4 700 000 [4 000 000-5 400 000]","4700000.00000","4000000.00000","5400000.00000","","",""
"HIV_0000000001","Estimated number of people (all ages) living with HIV","https://www.who.int/data/gho/indicator-metadata-registry/imr-details/2921","PUBLISHED","Published","","1999","1999","","WPR","Western Pacific","","750 000 [560 000-930 000]","750000.00000","560000.00000","930000.00000","","",""
"HIV_0000000001","Estimated number of people (all ages) living with HIV","https://www.who.int/data/gho/indicator-metadata-registry/imr-details/2921","PUBLISHED","Published","","1998","1998","","GLOBAL","Global","","24 600 000 [20 900 000-28 700 000]","24600000.00000","20900000.00000","28700000.00000","","",""
"HIV_0000000001","Estimated number of people (all ages) living with HIV","https://www.who.int/data/gho/indicator-metadata-registry/imr-details/2921","PUBLISHED","Published","","1998","1998","","AFR","Africa","","16 900 000 [14 300 000-19 900 000]","16900000.00000","14300000.00000","19900000.00000","","",""
"HIV_0000000001","Estimated number of people (all ages) living with HIV","https://www.who.int/data/gho/indicator-metadata-registry/imr-details/2921","PUBLISHED","Published","","1998","1998","","AMR","Americas","","1 700 000 [1 500 000-1 900 000]","1700000.00000","1500000.00000","1900000.00000","","",""
"HIV_0000000001","Estimated number of people (all ages) living with HIV","https://www.who.int/data/gho/indicator-metadata-registry/imr-details/2921","PUBLISHED","Published","","1998","1998","","EMR","Eastern Mediterranean","","80 000 [69 000-98 000]","80000.00000","69000.00000","98000.00000","","",""
"HIV_0000000001","Estimated number of people (all ages) living with HIV","https://www.who.int/data/gho/indicator-metadata-registry/imr-details/2921","PUBLISHED","Published","","1998","1998","","EUR","Europe","","720 000 [630 000-800 000]","720000.00000","630000.00000","800000.00000","","",""
"HIV_0000000001","Estimated number of people (all ages) living with HIV","https://www.who.int/data/gho/indicator-metadata-registry/imr-details/2921","PUBLISHED","Published","","1998","1998","","SEAR","South-East Asia","","4 500 000 [3 900 000-5 200 000]","4500000.00000","3900000.00000","5200000.00000","","",""
"HIV_0000000001","Estimated number of people (all ages) living with HIV","https://www.who.int/data/gho/indicator-metadata-registry/imr-details/2921","PUBLISHED","Published","","1998","1998","","WPR","Western Pacific","","670 000 [500 000-830 000]","670000.00000","500000.00000","830000.00000","","",""
"HIV_0000000001","Estimated number of people (all ages) living with HIV","https://www.who.int/data/gho/indicator-metadata-registry/imr-details/2921","PUBLISHED","Published","","1997","1997","","GLOBAL","Global","","23 200 000 [19 700 000-27 100 000]","23200000.00000","19700000.00000","27100000.00000","","",""
"HIV_0000000001","Estimated number of people (all ages) living with HIV","https://www.who.int/data/gho/indicator-metadata-registry/imr-details/2921","PUBLISHED","Published","","1997","1997","","AFR","Africa","","16 000 000 [13 600 000-18 800 000]","16000000.00000","13600000.00000","18800000.00000","","",""
"HIV_0000000001","Estimated number of people (all ages) living with HIV","https://www.who.int/data/gho/indicator-metadata-registry/imr-details/2921","PUBLISHED","Published","","1997","1997","","AMR","Americas","","1 600 000 [1 400 000-1 800 000]","1600000.00000","1400000.00000","1800000.00000","","",""
"HIV_0000000001","Estimated number of people (all ages) living with HIV","https://www.who.int/data/gho/indicator-metadata-registry/imr-details/2921","PUBLISHED","Published","","1997","1997","","EMR","Eastern Mediterranean","","71 000 [61 000-88 000]","71000.00000","61000.00000","88000.00000","","",""
"HIV_0000000001","Estimated number of people (all ages) living with HIV","https://www.who.int/data/gho/indicator-metadata-registry/imr-details/2921","PUBLISHED","Published","","1997","1997","","EUR","Europe","","650 000 [580 000-730 000]","650000.00000","580000.00000","730000.00000","","",""
"HIV_0000000001","Estimated number of people (all ages) living with HIV","https://www.who.int/data/gho/indicator-metadata-registry/imr-details/2921","PUBLISHED","Published","","1997","1997","","SEAR","South-East Asia","","4 200 000 [3 700 000-4 900 000]","4200000.00000","3700000.00000","4900000.00000","","",""
"HIV_0000000001","Estimated number of people (all ages) living with HIV","https://www.who.int/data/gho/indicator-metadata-registry/imr-details/2921","PUBLISHED","Published","","1997","1997","","WPR","Western Pacific","","580 000 [430 000-720 000]","580000.00000","430000.00000","720000.00000","","",""
"HIV_0000000001","Estimated number of people (all ages) living with HIV","https://www.who.int/data/gho/indicator-metadata-registry/imr-details/2921","PUBLISHED","Published","","1996","1996","","GLOBAL","Global","","21 500 000 [18 200 000-25 100 000]","21500000.00000","18200000.00000","25100000.00000","","",""
"HIV_0000000001","Estimated number of people (all ages) living with HIV","https://www.who.int/data/gho/indicator-metadata-registry/imr-details/2921","PUBLISHED","Published","","1996","1996","","AFR","Africa","","15 000 000 [12 700 000-17 600 000]","15000000.00000","12700000.00000","17600000.00000","","",""
"HIV_0000000001","Estimated number of people (all ages) living with HIV","https://www.who.int/data/gho/indicator-metadata-registry/imr-details/2921","PUBLISHED","Published","","1996","1996","","AMR","Americas","","1 500 000 [1 300 000-1 700 000]","1500000.00000","1300000.00000","1700000.00000","","",""
"HIV_0000000001","Estimated number of people (all ages) living with HIV","https://www.who.int/data/gho/indicator-metadata-registry/imr-details/2921","PUBLISHED","Published","","1996","1996","","EMR","Eastern Mediterranean","","63 000 [54 000-77 000]","63000.00000","54000.00000","77000.00000","","",""
"HIV_0000000001","Estimated number of people (all ages) living with HIV","https://www.who.int/data/gho/indicator-metadata-registry/imr-details/2921","PUBLISHED","Published","","1996","1996","","EUR","Europe","","590 000 [520 000-660 000]","590000.00000","520000.00000","660000.00000","","",""
"HIV_0000000001","Estimated number of people (all ages) living with HIV","https://www.who.int/data/gho/indicator-metadata-registry/imr-details/2921","PUBLISHED","Published","","1996","1996","","SEAR","South-East Asia","","3 800 000 [3 300 000-4 400 000]","3800000.00000","3300000.00000","4400000.00000","","",""
"HIV_0000000001","Estimated number of people (all ages) living with HIV","https://www.who.int/data/gho/indicator-metadata-registry/imr-details/2921","PUBLISHED","Published","","1996","1996","","WPR","Western Pacific","","490 000 [370 000-620 000]","490000.00000","370000.00000","620000.00000","","",""
"HIV_0000000001","Estimated number of people (all ages) living with HIV","https://www.who.int/data/gho/indicator-metadata-registry/imr-details/2921","PUBLISHED","Published","","1995","1995","","GLOBAL","Global","","19 600 000 [16 700 000-23 000 000]","19600000.00000","16700000.00000","23000000.00000","","",""
"HIV_0000000001","Estimated number of people (all ages) living with HIV","https://www.who.int/data/gho/indicator-metadata-registry/imr-details/2921","PUBLISHED","Published","","1995","1995","","AFR","Africa","","13 800 000 [11 700 000-16 200 000]","13800000.00000","11700000.00000","16200000.00000","","",""
"HIV_0000000001","Estimated number of people (all ages) living with HIV","https://www.who.int/data/gho/indicator-metadata-registry/imr-details/2921","PUBLISHED","Published","","1995","1995","","AMR","Americas","","1 500 000 [1 300 000-1 600 000]","1500000.00000","1300000.00000","1600000.00000","","",""
"HIV_0000000001","Estimated number of people (all ages) living with HIV","https://www.who.int/data/gho/indicator-metadata-registry/imr-details/2921","PUBLISHED","Published","","1995","1995","","EMR","Eastern Mediterranean","","55 000 [47 000-68 000]","55000.00000","47000.00000","68000.00000","","",""
"HIV_0000000001","Estimated number of people (all ages) living with HIV","https://www.who.int/data/gho/indicator-metadata-registry/imr-details/2921","PUBLISHED","Published","","1995","1995","","EUR","Europe","","540 000 [470 000-600 000]","540000.00000","470000.00000","600000.00000","","",""
"HIV_0000000001","Estimated number of people (all ages) living with HIV","https://www.who.int/data/gho/indicator-metadata-registry/imr-details/2921","PUBLISHED","Published","","1995","1995","","SEAR","South-East Asia","","3 400 000 [2 900 000-3 900 000]","3400000.00000","2900000.00000","3900000.00000","","",""
"HIV_0000000001","Estimated number of people (all ages) living with HIV","https://www.who.int/data/gho/indicator-metadata-registry/imr-details/2921","PUBLISHED","Published","","1995","1995","","WPR","Western Pacific","","400 000 [300 000-500 000]","400000.00000","300000.00000","500000.00000","","",""
"HIV_0000000001","Estimated number of people (all ages) living with HIV","https://www.who.int/data/gho/indicator-metadata-registry/imr-details/2921","PUBLISHED","Published","","1994","1994","","GLOBAL","Global","","17 600 000 [14 900 000-20 600 000]","17600000.00000","14900000.00000","20600000.00000","","",""
"HIV_0000000001","Estimated number of people (all ages) living with HIV","https://www.who.int/data/gho/indicator-metadata-registry/imr-details/2921","PUBLISHED","Published","","1994","1994","","AFR","Africa","","12 500 000 [10 600 000-14 700 000]","12500000.00000","10600000.00000","14700000.00000","","",""
"HIV_0000000001","Estimated number of people (all ages) living with HIV","https://www.who.int/data/gho/indicator-metadata-registry/imr-details/2921","PUBLISHED","Published","","1994","1994","","AMR","Americas","","1 400 000 [1 200 000-1 600 000]","1400000.00000","1200000.00000","1600000.00000","","",""
"HIV_0000000001","Estimated number of people (all ages) living with HIV","https://www.who.int/data/gho/indicator-metadata-registry/imr-details/2921","PUBLISHED","Published","","1994","1994","","EMR","Eastern Mediterranean","","48 000 [41 000-59 000]","48000.00000","41000.00000","59000.00000","","",""
"HIV_0000000001","Estimated number of people (all ages) living with HIV","https://www.who.int/data/gho/indicator-metadata-registry/imr-details/2921","PUBLISHED","Published","","1994","1994","","EUR","Europe","","500 000 [440 000-550 000]","500000.00000","440000.00000","550000.00000","","",""
"HIV_0000000001","Estimated number of people (all ages) living with HIV","https://www.who.int/data/gho/indicator-metadata-registry/imr-details/2921","PUBLISHED","Published","","1994","1994","","SEAR","South-East Asia","","2 800 000 [2 500 000-3 300 000]","2800000.00000","2500000.00000","3300000.00000","","",""
"HIV_0000000001","Estimated number of people (all ages) living with HIV","https://www.who.int/data/gho/indicator-metadata-registry/imr-details/2921","PUBLISHED","Published","","1994","1994","","WPR","Western Pacific","","300 000 [230 000-370 000]","300000.00000","230000.00000","370000.00000","","",""
"HIV_0000000001","Estimated number of people (all ages) living with HIV","https://www.who.int/data/gho/indicator-metadata-registry/imr-details/2921","PUBLISHED","Published","","1993","1993","","GLOBAL","Global","","15 400 000 [13 100 000-18 100 000]","15400000.00000","13100000.00000","18100000.00000","","",""
"HIV_0000000001","Estimated number of people (all ages) living with HIV","https://www.who.int/data/gho/indicator-metadata-registry/imr-details/2921","PUBLISHED","Published","","1993","1993","","AFR","Africa","","11 200 000 [9 400 000-13 100 000]","11200000.00000","9400000.00000","13100000.00000","","",""
"HIV_0000000001","Estimated number of people (all ages) living with HIV","https://www.who.int/data/gho/indicator-metadata-registry/imr-details/2921","PUBLISHED","Published","","1993","1993","","AMR","Americas","","1 300 000 [1 200 000-1 500 000]","1300000.00000","1200000.00000","1500000.00000","","",""
"HIV_0000000001","Estimated number of people (all ages) living with HIV","https://www.who.int/data/gho/indicator-metadata-registry/imr-details/2921","PUBLISHED","Published","","1993","1993","","EMR","Eastern Mediterranean","","41 000 [35 000-51 000]","41000.00000","35000.00000","51000.00000","","",""
"HIV_0000000001","Estimated number of people (all ages) living with HIV","https://www.who.int/data/gho/indicator-metadata-registry/imr-details/2921","PUBLISHED","Published","","1993","1993","","EUR","Europe","","460 000 [410 000-510 000]","460000.00000","410000.00000","510000.00000","","",""
"HIV_0000000001","Estimated number of people (all ages) living with HIV","https://www.who.int/data/gho/indicator-metadata-registry/imr-details/2921","PUBLISHED","Published","","1993","1993","","SEAR","South-East Asia","","2 300 000 [2 000 000-2 700 000]","2300000.00000","2000000.00000","2700000.00000","","",""
"HIV_0000000001","Estimated number of people (all ages) living with HIV","https://www.who.int/data/gho/indicator-metadata-registry/imr-details/2921","PUBLISHED","Published","","1993","1993","","WPR","Western Pacific","","180 000 [140 000-230 000]","180000.00000","140000.00000","230000.00000","","",""
"HIV_0000000001","Estimated number of people (all ages) living with HIV","https://www.who.int/data/gho/indicator-metadata-registry/imr-details/2921","PUBLISHED","Published","","1992","1992","","GLOBAL","Global","","13 300 000 [11 300 000-15 600 000]","13300000.00000","11300000.00000","15600000.00000","","",""
"HIV_0000000001","Estimated number of people (all ages) living with HIV","https://www.who.int/data/gho/indicator-metadata-registry/imr-details/2921","PUBLISHED","Published","","1992","1992","","AFR","Africa","","9 700 000 [8 200 000-11 400 000]","9700000.00000","8200000.00000","11400000.00000","","",""
"HIV_0000000001","Estimated number of people (all ages) living with HIV","https://www.who.int/data/gho/indicator-metadata-registry/imr-details/2921","PUBLISHED","Published","","1992","1992","","AMR","Americas","","1 200 000 [1 100 000-1 400 000]","1200000.00000","1100000.00000","1400000.00000","","",""
"HIV_0000000001","Estimated number of people (all ages) living with HIV","https://www.who.int/data/gho/indicator-metadata-registry/imr-details/2921","PUBLISHED","Published","","1992","1992","","EMR","Eastern Mediterranean","","34 000 [30 000-43 000]","34000.00000","30000.00000","43000.00000","","",""
"HIV_0000000001","Estimated number of people (all ages) living with HIV","https://www.who.int/data/gho/indicator-metadata-registry/imr-details/2921","PUBLISHED","Published","","1992","1992","","EUR","Europe","","430 000 [380 000-480 000]","430000.00000","380000.00000","480000.00000","","",""
"HIV_0000000001","Estimated number of people (all ages) living with HIV","https://www.who.int/data/gho/indicator-metadata-registry/imr-details/2921","PUBLISHED","Published","","1992","1992","","SEAR","South-East Asia","","1 800 000 [1 500 000-2 100 000]","1800000.00000","1500000.00000","2100000.00000","","",""
"HIV_0000000001","Estimated number of people (all ages) living with HIV","https://www.who.int/data/gho/indicator-metadata-registry/imr-details/2921","PUBLISHED","Published","","1992","1992","","WPR","Western Pacific","","150 000 [110 000-190 000]","150000.00000","110000.00000","190000.00000","","",""
"HIV_0000000001","Estimated number of people (all ages) living with HIV","https://www.who.int/data/gho/indicator-metadata-registry/imr-details/2921","PUBLISHED","Published","","1991","1991","","GLOBAL","Global","","11 200 000 [9 500 000-13 100 000]","11200000.00000","9500000.00000","13100000.00000","","",""
"HIV_0000000001","Estimated number of people (all ages) living with HIV","https://www.who.int/data/gho/indicator-metadata-registry/imr-details/2921","PUBLISHED","Published","","1991","1991","","AFR","Africa","","8 200 000 [7 000 000-9 700 000]","8200000.00000","7000000.00000","9700000.00000","","",""
"HIV_0000000001","Estimated number of people (all ages) living with HIV","https://www.who.int/data/gho/indicator-metadata-registry/imr-details/2921","PUBLISHED","Published","","1991","1991","","AMR","Americas","","1 200 000 [1 000 000-1 300 000]","1200000.00000","1000000.00000","1300000.00000","","",""
"HIV_0000000001","Estimated number of people (all ages) living with HIV","https://www.who.int/data/gho/indicator-metadata-registry/imr-details/2921","PUBLISHED","Published","","1991","1991","","EMR","Eastern Mediterranean","","29 000 [25 000-36 000]","29000.00000","25000.00000","36000.00000","","",""
"HIV_0000000001","Estimated number of people (all ages) living with HIV","https://www.who.int/data/gho/indicator-metadata-registry/imr-details/2921","PUBLISHED","Published","","1991","1991","","EUR","Europe","","400 000 [350 000-450 000]","400000.00000","350000.00000","450000.00000","","",""
"HIV_0000000001","Estimated number of people (all ages) living with HIV","https://www.who.int/data/gho/indicator-metadata-registry/imr-details/2921","PUBLISHED","Published","","1991","1991","","SEAR","South-East Asia","","1 300 000 [1 100 000-1 500 000]","1300000.00000","1100000.00000","1500000.00000","","",""
"HIV_0000000001","Estimated number of people (all ages) living with HIV","https://www.who.int/data/gho/indicator-metadata-registry/imr-details/2921","PUBLISHED","Published","","1991","1991","","WPR","Western Pacific","","120 000 [92 000-150 000]","120000.00000","92000.00000","150000.00000","","",""
"HIV_0000000001","Estimated number of people (all ages) living with HIV","https://www.who.int/data/gho/indicator-metadata-registry/imr-details/2921","PUBLISHED","Published","","1990","1990","","GLOBAL","Global","","9 200 000 [7 800 000-10 700 000]","9200000.00000","7800000.00000","10700000.00000","","",""
"HIV_0000000001","Estimated number of people (all ages) living with HIV","https://www.who.int/data/gho/indicator-metadata-registry/imr-details/2921","PUBLISHED","Published","","1990","1990","","AFR","Africa","","6 800 000 [5 700 000-8 000 000]","6800000.00000","5700000.00000","8000000.00000","","",""
"HIV_0000000001","Estimated number of people (all ages) living with HIV","https://www.who.int/data/gho/indicator-metadata-registry/imr-details/2921","PUBLISHED","Published","","1990","1990","","AMR","Americas","","1 100 000 [950 000-1 200 000]","1100000.00000","950000.00000","1200000.00000","","",""
"HIV_0000000001","Estimated number of people (all ages) living with HIV","https://www.who.int/data/gho/indicator-metadata-registry/imr-details/2921","PUBLISHED","Published","","1990","1990","","EMR","Eastern Mediterranean","","25 000 [22 000-31 000]","25000.00000","22000.00000","31000.00000","","",""
"HIV_0000000001","Estimated number of people (all ages) living with HIV","https://www.who.int/data/gho/indicator-metadata-registry/imr-details/2921","PUBLISHED","Published","","1990","1990","","EUR","Europe","","360 000 [320 000-410 000]","360000.00000","320000.00000","410000.00000","","",""
"HIV_0000000001","Estimated number of people (all ages) living with HIV","https://www.who.int/data/gho/indicator-metadata-registry/imr-details/2921","PUBLISHED","Published","","1990","1990","","SEAR","South-East Asia","","820 000 [710 000-950 000]","820000.00000","710000.00000","950000.00000","","",""
"HIV_0000000001","Estimated number of people (all ages) living with HIV","https://www.who.int/data/gho/indicator-metadata-registry/imr-details/2921","PUBLISHED","Published","","1990","1990","","WPR","Western Pacific","","99 000 [74 000-120 000]","99000.00000","74000.00000","120000.00000","","",""
